id;date;name;conclusion
1;2023-10-02T21:37:27;compress;Tools
2;2023-10-02T19:15:13;AGP Chair;supply-chains monitor withdrawal
3;2023-10-02T15:43:22;withdrawal navigate next-generation;interfaces
4;2023-10-03T11:53:15;wireless Arkansas;Buckinghamshire Devolved
5;2023-10-03T00:51:03;Indian deposit;transmitter
6;2023-10-03T03:17:41;executive;payment Applications revolutionary
7;2023-10-02T21:22:51;Account lime;core
8;2023-10-02T17:49:55;Sleek transmitter;bypass
9;2023-10-03T04:37:08;Mobility facilitate;Wooden whiteboard initiatives
10;2023-10-03T02:13:32;Landing;SMTP scale
